{
  "project_info": {
    "project_number": "38471548024",
    "project_id": "turfbooking-b902e",
    "storage_bucket": "turfbooking-b902e.firebasestorage.app"
  },
  "client": [
    {
      "client_info": {
        "mobilesdk_app_id": "1:38471548024:android:38521557ccbdbf5573018d",
        "android_client_info": {
          "package_name": "com.example.ts_project_is_mad"
        }
      },
      "oauth_client": [],
      "api_key": [
        {
          "current_key": "AIzaSyAX9Iou6vVIzd9seZ69knHKZx4mliHflWQ"
        }
      ],
      "services": {
        "appinvite_service": {
          "other_platform_oauth_client": []
        }
      }
    }
  ],
  "configuration_version": "1"
}